TemplateID,Orientation,Description,Notes,Background,Textbox1 Width,Textbox1 Height,Textbox1 X,Textbox1 Y,text-align,vertical-align,font-size,Photo1 Width,Photo1 Height,Photo1 X,Photo1 Y,Photo2 Width,Photo2 Height,Photo2 X,Photo2 Y,Photo3 Width,Photo3 Height,Photo3 X,Photo3 Y,Photo4 Width,Photo4 Height,Photo4 X,Photo4 Y,Photo5 Width,Photo5 Height,Photo5 X,Photo5 Y,Photo6 Width,Photo6 Height,Photo6 X,Photo6 Y,Photo7 Width,Photo7 Height,Photo7 X,Photo7 Y,Photo8 Width,Photo8 Height,Photo8 X,Photo8 Y,Photo9 Width,Photo9 Height,Photo9 X,Photo9 Y
0,Landscape,Blank,blank,Design Pattern,n/a,n/a,n/a,n/a,n/a,n/a,100,n/a,n/a,n/a,n/a,n/a,n/a,n/a,n/a,n/a,n/a,n/a,n/a,n/a,n/a,n/a,n/a,n/a,n/a,n/a,n/a,n/a,n/a,n/a,n/a,n/a,n/a,n/a,n/a,n/a,n/a,n/a,n/a,n/a,n/a,n/a,n/a
1,Landscape,0 Photo - 1 Text,Just text,Default color,2600,1627,250,250,center,middle,175,n/a,n/a,n/a,n/a,n/a,n/a,n/a,n/a,n/a,n/a,n/a,n/a,n/a,n/a,n/a,n/a,n/a,n/a,n/a,n/a,n/a,n/a,n/a,n/a,n/a,n/a,n/a,n/a,n/a,n/a,n/a,n/a,n/a,n/a,n/a,n/a
2,Landscape,1 Photo - 1 Text,"50% left full photo, 50% full text box",Default color,1450,1827,1550,100,center,middle,175,1450,1827,100,100,n/a,n/a,n/a,n/a,n/a,n/a,n/a,n/a,n/a,n/a,n/a,n/a,n/a,n/a,n/a,n/a,n/a,n/a,n/a,n/a,n/a,n/a,n/a,n/a,n/a,n/a,n/a,n/a,n/a,n/a,n/a,n/a
3,Landscape,1 Photo - 1 Text,"center middle photo, text above",Default color,2600,275,250,200,center,middle,50,2000,1250,550,520,n/a,n/a,n/a,n/a,n/a,n/a,n/a,n/a,n/a,n/a,n/a,n/a,n/a,n/a,n/a,n/a,n/a,n/a,n/a,n/a,n/a,n/a,n/a,n/a,n/a,n/a,n/a,n/a,n/a,n/a,n/a,n/a
4,Landscape,1 Photo - No Text,1 full height/width,Default color,n/a,n/a,n/a,n/a,n/a,n/a,n/a,2900,1827,100,100,n/a,n/a,n/a,n/a,n/a,n/a,n/a,n/a,n/a,n/a,n/a,n/a,n/a,n/a,n/a,n/a,n/a,n/a,n/a,n/a,n/a,n/a,n/a,n/a,n/a,n/a,n/a,n/a,n/a,n/a,n/a,n/a
5,Landscape,2 Photos - 1 Text,2 stacked on left 50%,Default color,1450,1827,1550,100,center,middle,100,1450,937,100,100,1450,890,100,1037,n/a,n/a,n/a,n/a,n/a,n/a,n/a,n/a,n/a,n/a,n/a,n/a,n/a,n/a,n/a,n/a,n/a,n/a,n/a,n/a,n/a,n/a,n/a,n/a,n/a,n/a,n/a,n/a
6,Landscape,2 Photos - 1 Text,"2 in middle, text above",Default color,2500,625,300,263,center,middle,100,1250,800,299,1000,1250,800,1551,1000,n/a,n/a,n/a,n/a,n/a,n/a,n/a,n/a,n/a,n/a,n/a,n/a,n/a,n/a,n/a,n/a,n/a,n/a,n/a,n/a,n/a,n/a,n/a,n/a,n/a,n/a,n/a,n/a
7,Landscape,2 Photos - No Text,"2 full height, 50% width",Default color,n/a,n/a,n/a,n/a,n/a,n/a,n/a,1450,1827,100,100,1450,1827,1550,100,n/a,n/a,n/a,n/a,n/a,n/a,n/a,n/a,n/a,n/a,n/a,n/a,n/a,n/a,n/a,n/a,n/a,n/a,n/a,n/a,n/a,n/a,n/a,n/a,n/a,n/a,n/a,n/a
8,Landscape,2 Photos - No Text,full height: ~38% width; square width,Default color,n/a,n/a,n/a,n/a,n/a,n/a,n/a,1070,1827,100,100,1827,1827,1173,100,n/a,n/a,n/a,n/a,n/a,n/a,n/a,n/a,n/a,n/a,n/a,n/a,n/a,n/a,n/a,n/a,n/a,n/a,n/a,n/a,n/a,n/a,n/a,n/a,n/a,n/a,n/a,n/a
9,Landscape,3 Photos - 1 Text,33% width stacked + 1 big text box,Default color,1670,1677,1180,200,center,middle,175,980,643,100,100,980,592,100,743,980,592,100,1335,n/a,n/a,n/a,n/a,n/a,n/a,n/a,n/a,n/a,n/a,n/a,n/a,n/a,n/a,n/a,n/a,n/a,n/a,n/a,n/a,n/a,n/a,n/a,n/a
10,Landscape,3 Photos - 1 Text,strip in the middle + text above,Default color,2400,575,350,300,center,middle,75,980,700,100,1000,940,700,1080,1000,980,700,2020,1000,n/a,n/a,n/a,n/a,n/a,n/a,n/a,n/a,n/a,n/a,n/a,n/a,n/a,n/a,n/a,n/a,n/a,n/a,n/a,n/a,n/a,n/a,n/a,n/a
11,Landscape,3 Photos - No Text,"3 full height, 1/3rd width",Default color,n/a,n/a,n/a,n/a,n/a,n/a,n/a,978,1827,100,100,940,1827,1080,100,978,1827,2022,100,n/a,n/a,n/a,n/a,n/a,n/a,n/a,n/a,n/a,n/a,n/a,n/a,n/a,n/a,n/a,n/a,n/a,n/a,n/a,n/a,n/a,n/a,n/a,n/a
12,Landscape,3 Photos - No Text,1 full height/50% width + 2 50% height,Default color,n/a,n/a,n/a,n/a,n/a,n/a,n/a,1450,937,100,100,1450,890,100,1037,1450,1827,1550,100,n/a,n/a,n/a,n/a,n/a,n/a,n/a,n/a,n/a,n/a,n/a,n/a,n/a,n/a,n/a,n/a,n/a,n/a,n/a,n/a,n/a,n/a,n/a,n/a
13,Landscape,3 Photos - No Text,"strip in the middle, 1/3rd width each",Default color,n/a,n/a,n/a,n/a,n/a,n/a,n/a,980,700,100,688,940,700,1080,688,980,700,2020,688,n/a,n/a,n/a,n/a,n/a,n/a,n/a,n/a,n/a,n/a,n/a,n/a,n/a,n/a,n/a,n/a,n/a,n/a,n/a,n/a,n/a,n/a,n/a,n/a
14,Landscape,4 Photos - No Text,100% coverage - 1/4th each,Default color,n/a,n/a,n/a,n/a,n/a,n/a,n/a,1449,935,100,100,1449,935,1552,100,1449,888,100,1039,1449,888,1552,1039,n/a,n/a,n/a,n/a,n/a,n/a,n/a,n/a,n/a,n/a,n/a,n/a,n/a,n/a,n/a,n/a,n/a,n/a,n/a,n/a
15,Landscape,4 Photos - No Text,3 stacked + 1 full squared,Default color,n/a,n/a,n/a,n/a,n/a,n/a,n/a,1070,643,100,100,1070,592,100,743,1070,592,100,1335,1827,1827,1173,100,n/a,n/a,n/a,n/a,n/a,n/a,n/a,n/a,n/a,n/a,n/a,n/a,n/a,n/a,n/a,n/a,n/a,n/a,n/a,n/a
16,Landscape,4 Photos - No Text,"4 full height, 1/4th width",Default color,n/a,n/a,n/a,n/a,n/a,n/a,n/a,749,1827,100,100,699,1827,851,100,699,1827,1552,100,749,1827,2251,100,n/a,n/a,n/a,n/a,n/a,n/a,n/a,n/a,n/a,n/a,n/a,n/a,n/a,n/a,n/a,n/a,n/a,n/a,n/a,n/a
17,Landscape,5 Photos - No Text,"2 rows, top row with 2, bottom row with 3",Default color,n/a,n/a,n/a,n/a,n/a,n/a,n/a,1298,811,250,250,1298,811,1552,250,864,811,250,1065,864,811,1118,1065,864,811,1986,1065,n/a,n/a,n/a,n/a,n/a,n/a,n/a,n/a,n/a,n/a,n/a,n/a,n/a,n/a,n/a,n/a
18,Landscape,8 photos - No Text,8 sq photos,Default color,n/a,n/a,n/a,n/a,n/a,n/a,n/a,650,650,243,386,650,650,898,386,650,650,1553,386,650,650,2208,386,650,650,243,1041,650,650,898,1041,650,650,1553,1041,650,650,2208,1041,n/a,n/a,n/a,n/a
19,Landscape,9 photos - No Text,Brady bunch!,Default color,n/a,n/a,n/a,n/a,n/a,n/a,n/a,864,540,249,249,864,540,1118,249,864,540,1987,249,864,540,249,794,864,540,1118,794,864,540,1987,794,864,540,249,1339,864,540,1118,1339,864,540,1987,1339
20,Portrait,Blank,blank,Design Pattern,n/a,n/a,n/a,n/a,n/a,n/a,n/a,n/a,n/a,n/a,n/a,n/a,n/a,n/a,n/a,n/a,n/a,n/a,n/a,n/a,n/a,n/a,n/a,n/a,n/a,n/a,n/a,n/a,n/a,n/a,n/a,n/a,n/a,n/a,n/a,n/a,n/a,n/a,n/a,n/a,n/a,n/a,n/a
21,Portrait,0 Photo - 1 Text,Just text,Default color,1800,2377,250,250,center,middle,125,n/a,n/a,n/a,n/a,n/a,n/a,n/a,n/a,n/a,n/a,n/a,n/a,n/a,n/a,n/a,n/a,n/a,n/a,n/a,n/a,n/a,n/a,n/a,n/a,n/a,n/a,n/a,n/a,n/a,n/a,n/a,n/a,n/a,n/a,n/a,n/a
22,Portrait,1 Photo - 1 Text ,full width square  + textbox below,Default color,1900,400,200,2300,center,middle,50,2100,2150,100,100,n/a,n/a,n/a,n/a,n/a,n/a,n/a,n/a,n/a,n/a,n/a,n/a,n/a,n/a,n/a,n/a,n/a,n/a,n/a,n/a,n/a,n/a,n/a,n/a,n/a,n/a,n/a,n/a,n/a,n/a,n/a,n/a
23,Portrait,1 Photo - No Text,1 full height/width,Default color,n/a,n/a,n/a,n/a,n/a,n/a,n/a,2100,2627,100,100,n/a,n/a,n/a,n/a,n/a,n/a,n/a,n/a,n/a,n/a,n/a,n/a,n/a,n/a,n/a,n/a,n/a,n/a,n/a,n/a,n/a,n/a,n/a,n/a,n/a,n/a,n/a,n/a,n/a,n/a,n/a,n/a
24,Portrait,2 photos- 1 Text,1100*2150 (1050x2100 visible) * 2 + Textbox below,Default color,1900,400,200,2300,center,middle,50,1049,2150,100,100,1049,2150,1151,100,n/a,n/a,n/a,n/a,n/a,n/a,n/a,n/a,n/a,n/a,n/a,n/a,n/a,n/a,n/a,n/a,n/a,n/a,n/a,n/a,n/a,n/a,n/a,n/a,n/a,n/a,n/a,n/a
25,Portrait,2 photos- 1 Text,"1/3, 1/3, 1/3",Default color,1900,800,200,1900,center,middle,50,2100,909,100,100,2100,849,100,1009,n/a,n/a,n/a,n/a,n/a,n/a,n/a,n/a,n/a,n/a,n/a,n/a,n/a,n/a,n/a,n/a,n/a,n/a,n/a,n/a,n/a,n/a,n/a,n/a,n/a,n/a,n/a,n/a
26,Portrait,3 Photos - 0 Text,Full width top + 2 below,Default color,n/a,n/a,n/a,n/a,n/a,n/a,n/a,2100,1324,100,100,1049,1299,100,1426,1049,1299,1151,1426,n/a,n/a,n/a,n/a,n/a,n/a,n/a,n/a,n/a,n/a,n/a,n/a,n/a,n/a,n/a,n/a,n/a,n/a,n/a,n/a,n/a,n/a,n/a,n/a
27,Portrait,3 Photos - 1 Text,Full width top + 2 below + textbox,Default color,1900,500,200,2200,center,middle,50,2100,1049,100,100,1049,999,100,1011,1049,999,1151,1151,n/a,n/a,n/a,n/a,n/a,n/a,n/a,n/a,n/a,n/a,n/a,n/a,n/a,n/a,n/a,n/a,n/a,n/a,n/a,n/a,n/a,n/a,n/a,n/a
28,Portrait,3 Photos - 0 Text,"3 full width, 1/3rd height",Default color,n/a,n/a,n/a,n/a,n/a,n/a,n/a,2100,909,100,100,2100,849,100,1011,2100,849,100,1862,n/a,n/a,n/a,n/a,n/a,n/a,n/a,n/a,n/a,n/a,n/a,n/a,n/a,n/a,n/a,n/a,n/a,n/a,n/a,n/a,n/a,n/a,n/a,n/a
29,Portrait,4 Photos - 1 Text,4 square photos centered + textbox below,Default color,1900,400,200,2300,center,middle,50,1049,1049,100,100,1049,1049,1151,100,1049,1049,100,1151,1049,1049,1151,1151,n/a,n/a,n/a,n/a,n/a,n/a,n/a,n/a,n/a,n/a,n/a,n/a,n/a,n/a,n/a,n/a,n/a,n/a,n/a,n/a
30,Portrait,4 Photos - 1 Text,4 square photos stacked + textbox to the right,Default color,1250,2377,850,250,Center,middle,75,694,694,100,100,694,644,100,794,694,644,100,1438,694,644,100,2082,n/a,n/a,n/a,n/a,n/a,n/a,n/a,n/a,n/a,n/a,n/a,n/a,n/a,n/a,n/a,n/a,n/a,n/a,n/a,n/a
31,Portrait,4 Photos - 1 Text,4 photos - hero + 3 below + textbox,Default color,1820,250,240,2477,cener,top,45,1820,1400,240,250,600,800,240,1660,600,800,850,1660,600,800,1460,1660,n/a,n/a,n/a,n/a,n/a,n/a,n/a,n/a,n/a,n/a,n/a,n/a,n/a,n/a,n/a,n/a,n/a,n/a,n/a,n/a
32,Portrait,6 Photos - 1 Text,"3 rows, offset rectangles vs squares",Default color,1900,170,200,2560,center,middle,45,1248,850,100,100,850,850,1350,100,850,800,100,952,1248,800,952,952,1248,800,100,1754,850,800,1350,1754,n/a,n/a,n/a,n/a,n/a,n/a,n/a,n/a,n/a,n/a,n/a,n/a
33,Portrait,8 Photos - 0 Text,2 columns of 4 squares,Default color,n/a,n/a,n/a,n/a,n/a,n/a,n/a,644,693,505,100,644,643,505,795,644,643,505,1440,644,643,505,2085,644,693,1151,100,644,644,1151,795,644,644,1151,1440,644,644,1151,2085,n/a,n/a,n/a,n/a
34,Portrait,9 Photos - 1 Text,brady bunch!,Default color,1870,450,215,2180,center,top,50,620,620,215,300,620,620,840,300,620,620,1465,300,620,620,215,925,620,620,840,925,620,620,1465,925,620,620,215,1550,620,620,840,1550,620,620,1465,1550